{
    "id":"cool",
    "transition":
    [
        {
            "transitionname":"default",
            "parament":{
            }
        },
        {
            "transitionname":"TransitionZoomFilter",
            "parament":{
                "duration":0.500,
                "zoom":"true"
            }
        },
        {
            "transitionname":"default",
            "parament":{
            }
        },
        {
            "transitionname":"TransitionZoomFilter",
            "parament":{
                "duration":0.500,
                "zoom":"false"
            }
        },
        {
            "transitionname":"defalut",
            "parament":{
            }
        },
        {
            "transitionname":"TransitionOverlappFilter",
            "parament":{
                "duration":0.4
            }
        }
    ]
}
