{
    "id":"life",
    "transition":[
        {
            "transitionname":"TransitionZoomFilter",
            "parament":{
                "duration":0.5666,
                "zoom":"false"
            }
        },
        {
            "transitionname":"TransitionZoomFilter",
            "parament":{
                "duration":0.5666,
                "zoom":"false"
            }
        },
        {
            "transitionname":"TransitionZoomFilter",
            "parament":{
                "duration":0.5666,
                "zoom":"false"
            }
        },
        {
            "transitionname":"TransitionOverlappFilter",
            "parament":{
                "duration":0.4
            }
        }
    ]
}
